{
  "back": {
    "in": {
      "easing": "ease-in",
      "duration": 500,
      "fromTo": [["transform","translateX(100%)", "translateX(0%)"], ["opacity", 1, 1]]
    },
    "out": {
      "easing": "ease-in",
      "duration": 500,
      "fromTo": [["transform","translateX(0%)", "translateX(-100%)"], ["opacity", 1, 0]]
    }
  },
  "default": {
    "in": {
      "easing": "ease-in",
      "duration": 500,
      "fromTo": [["transform","translateX(-100%)", "translateX(0%)"], ["opacity", 1, 1]]
    },
    "out": {
      "easing": "ease-in",
      "duration": 500,
      "fromTo": [["transform","translateX(0%)", "translateX(100%)"], ["opacity", 1, 0]]
    }
  }
}